"","effect","group","term","estimate","std.error","statistic","p.value"
"1","fixed",NA,"(Intercept)",1.83309693130663,0.229465151036387,7.9885635052965,1.36520136768876e-15
"2","fixed",NA,"LocationRoom",0.12568135582592,0.106706795892916,1.17781960159356,0.23886853243516
"3","fixed",NA,"LocationVeranda",-0.777777766420347,0.112909617521528,-6.88849881430206,5.63842039613187e-12
"4","fixed",NA,"WashedStatusunwashed",-0.42983128323923,0.138091225113556,-3.11266181385363,0.0018540834255639
"5","fixed",NA,"WashedStatuswashed",-0.141314256728828,0.145852701495042,-0.968883368496485,0.332603384447639
"6","fixed",NA,"trial_temp_range",0.0809581735488133,0.0552186326003003,1.46613868791045,0.142610507792635
"7","ran_pars","marker","sd__(Intercept)",0.309194745259162,NA,NA,NA
